<?xml version="1.0" encoding="UTF-8"?>
<project-private xmlns="http://www.netbeans.org/ns/project-private/1">
    <editor-bookmarks xmlns="http://www.netbeans.org/ns/editor-bookmarks/2" lastBookmarkId="0"/>
    <open-files xmlns="http://www.netbeans.org/ns/projectui-open-files/2">
        <group>
            <file>file:/home/sanket/NetBeansProjects/project_management/src/project_management/leave_prof.java</file>
            <file>file:/home/sanket/NetBeansProjects/project_management/src/project_management/Project_management.java</file>
            <file>file:/home/sanket/NetBeansProjects/project_management/src/project_management/meet_prof.java</file>
        </group>
    </open-files>
</project-private>
